Genre|Year|Rank|Movie|Release Date|Therical Distributor|MPAA Rating|Gross|Ticket Sold
Adventure|2000|1|How the Grinch Stole Christmas|Nov 17, 2000|Universal|PG|$253,367,455|47,006,948
Adventure|2000|2|Dinosaur|May 19, 2000|Walt Disney|PG|$137,748,063|25,556,226
Adventure|2000|3|Chicken Run|Jun 21, 2000|Dreamworks SKG|G|$106,793,915|19,813,342
Adventure|2000|4|Space Cowboys|Aug 4, 2000|Warner Bros.|PG-13|$90,179,885|16,730,961
Adventure|2000|5|Rugrats in Paris|Nov 17, 2000|Paramount Pictures|G|$71,205,699|13,210,704
Adventure|2000|6|Mission to Mars|Mar 10, 2000|Walt Disney|PG|$60,874,615|11,293,991
Adventure|2000|7|Stuart Little|Dec 17, 1999|Sony Pictures|PG|$60,612,097|11,245,287
Adventure|2000|8|Snow Day|Feb 11, 2000|Paramount Pictures|PG|$60,008,303|11,133,265
Adventure|2000|9|102 Dalmatians|Nov 22, 2000|Walt Disney|G|$58,335,959|10,822,997
Adventure|2000|10|The Emperor's New Groove|Dec 15, 2000|Walt Disney|G|$50,812,284|9,427,139
Adventure|2000|11|The Road to El Dorado|Mar 31, 2000|Dreamworks SKG|PG|$50,802,661|9,425,354
Adventure|2000|12|The Tigger Movie|Feb 11, 2000|Walt Disney|G|$45,542,421|8,449,428
Adventure|2000|13|Galaxy Quest|Dec 24, 1999|Dreamworks SKG|PG|$44,111,808|8,184,008
Adventure|2000|14|Pokemon 2000|Jul 21, 2000|Warner Bros.|G|$43,746,923|8,116,312
Adventure|2000|15|Toy Story 2|Nov 19, 1999|Walt Disney|G|$36,972,140|6,859,395
Adventure|2000|16|The Flintstones in Viva Roc…|Apr 28, 2000|Universal|PG|$35,231,365|6,536,431
Adventure|2000|17|The Adventures of Rocky & B…|Jun 30, 2000|Universal|PG|$26,000,610|4,823,860
Adventure|2000|18|Titan A.E.|Jun 16, 2000|20th Century Fox|PG|$22,751,979|4,221,146
Adventure|2000|19|Thomas and the Magic Railroad|Jul 26, 2000|Destination Films|G|$15,911,332|2,952,009
Adventure|2000|20|Dungeons and Dragons|Dec 8, 2000|New Line|PG-13|$14,250,748|2,643,923
Adventure|2000|21|The Little Vampire|Oct 27, 2000|New Line|PG|$13,555,988|2,515,025
Adventure|2000|22|Digimon: The Movie|Oct 6, 2000|20th Century Fox|PG|$9,628,751|1,786,410
Adventure|2000|23|T-Rex: Back to the Cretaceous|Oct 23, 1998|IMAX Films|Not Rated|$8,214,699|1,524,062
Adventure|2000|24|Cyberworld 3D|Oct 6, 2000|IMAX Films|Not Rated|$3,640,193|675,360
Adventure|2000|25|Alien Adventure|Apr 14, 2000|nWave Pictures|Not Rated|$3,272,750|607,189
Adventure|2000|26|Pokemon: The First Movie|Nov 10, 1999|Warner Bros.|G|$1,653,563|306,783
Adventure|2000|27|MVP: Most Valuable Primate|Aug 11, 2000|Keystone Entertai…|PG|$1,248,746|231,678
Adventure|2000|28|Star Wars Ep. I: The Phanto…|May 19, 1999|20th Century Fox|PG|$644,945|119,655
Adventure|2000|29|Tarzan|Jun 16, 1999|Walt Disney|G|$186,995|34,692
Adventure|2000|30|Sinbad: Beyond the Veil of …|Mar 24, 2000|Phaedra Cinema|Not Rated|$5,000|927
Adventure|2001|1|Harry Potter and the Sorcer…|Nov 16, 2001|Warner Bros.|PG|$300,404,434|53,074,988
Adventure|2001|2|Shrek|May 18, 2001|Dreamworks SKG|PG|$267,655,011|47,288,871
Adventure|2001|3|Monsters, Inc.|Nov 2, 2001|Walt Disney|G|$244,638,458|43,222,342
Adventure|2001|4|The Lord of the Rings: The …|Dec 19, 2001|New Line|PG-13|$206,448,462|36,474,993
Adventure|2001|5|The Mummy Returns|May 4, 2001|Universal|PG-13|$202,007,640|35,690,395
Adventure|2001|6|Planet of the Apes|Jul 27, 2001|20th Century Fox|PG-13|$179,841,538|31,774,123
Adventure|2001|7|Lara Croft: Tomb Raider|Jun 15, 2001|Paramount Pictures|PG-13|$131,144,183|23,170,350
Adventure|2001|8|Dr. Dolittle 2|Jun 22, 2001|20th Century Fox|PG|$112,950,721|19,955,957
Adventure|2001|9|Spy Kids|Mar 30, 2001|Miramax/Dimension|PG|$112,692,062|19,910,258
Adventure|2001|10|Atlantis: The Lost Empire|Jun 8, 2001|Walt Disney|PG|$84,052,762|14,850,311
Adventure|2001|11|Jimmy Neutron: Boy Genius|Dec 21, 2001|Paramount Pictures|G|$62,339,089|11,013,973
Adventure|2001|12|A Knight’s Tale|May 11, 2001|Sony Pictures|PG-13|$56,083,966|9,908,827
Adventure|2001|13|The Emperor's New Groove|Dec 15, 2000|Walt Disney|G|$38,484,289|6,799,344
Adventure|2001|14|Recess: School's Out|Feb 16, 2001|Walt Disney|G|$36,696,761|6,483,526
Adventure|2001|15|See Spot Run|Mar 2, 2001|Warner Bros.|PG|$33,357,476|5,893,546
Adventure|2001|16|Final Fantasy: The Spirits …|Jul 11, 2001|Sony Pictures|PG-13|$32,131,830|5,677,001
Adventure|2001|17|Black Knight|Nov 21, 2001|20th Century Fox|PG-13|$31,942,704|5,643,587
Adventure|2001|18|The Musketeer|Sep 7, 2001|Universal|PG-13|$27,053,815|4,779,825
Adventure|2001|19|Crocodile Dundee in Los Ang…|Apr 20, 2001|Paramount Pictures|PG|$25,590,119|4,521,222
Adventure|2001|20|Max Keeble's Big Move|Oct 5, 2001|Walt Disney|PG|$17,148,904|3,029,841
Adventure|2001|21|Pokemon 3: The Movie|Apr 6, 2001|Warner Bros.|G|$17,052,128|3,012,743
Adventure|2001|22|Osmosis Jones|Aug 10, 2001|Warner Bros.|PG|$13,596,911|2,402,281
Adventure|2001|23|102 Dalmatians|Nov 22, 2000|Walt Disney|G|$8,605,600|1,520,424
Adventure|2001|24|Cyberworld 3D|Oct 6, 2000|IMAX Films|Not Rated|$6,889,078|1,217,151
Adventure|2001|25|How the Grinch Stole Christmas|Nov 17, 2000|Universal|PG|$6,677,370|1,179,747
Adventure|2001|26|Rugrats in Paris|Nov 17, 2000|Paramount Pictures|G|$5,295,739|935,642
Adventure|2001|27|Haunted Castle|Mar 2, 2001|nWave Pictures|PG|$3,322,259|586,971
Adventure|2001|28|T-Rex: Back to the Cretaceous|Oct 23, 1998|IMAX Films|Not Rated|$2,670,854|471,882
Adventure|2001|29|Dungeons and Dragons|Dec 8, 2000|New Line|PG-13|$934,493|165,104
Adventure|2001|30|Alien Adventure|Apr 14, 2000|nWave Pictures|Not Rated|$648,409|114,559
Adventure|2001|31|Space Cowboys|Aug 4, 2000|Warner Bros.|PG-13|$274,158|48,437
Adventure|2001|32|2001: A Space Odyssey|Apr 2, 1968|MGM|G|$239,621|42,336
Adventure|2002|1|Spider-Man|May 3, 2002|Sony Pictures|PG-13|$403,706,375|69,484,746
Adventure|2002|2|Star Wars Ep. II: Attack of…|May 16, 2002|20th Century Fox|PG|$310,676,740|53,472,760
Adventure|2002|3|The Lord of the Rings: The …|Dec 18, 2002|New Line|PG-13|$262,300,833|45,146,442
Adventure|2002|4|Harry Potter and the Chambe…|Nov 15, 2002|Warner Bros.|PG|$252,097,945|43,390,351
Adventure|2002|5|Ice Age|Mar 15, 2002|20th Century Fox|PG|$176,387,405|30,359,277
Adventure|2002|6|Scooby-Doo|Jun 14, 2002|Warner Bros.|PG|$153,294,164|26,384,537
Adventure|2002|7|Lilo & Stitch|Jun 21, 2002|Walt Disney|PG|$145,771,527|25,089,763
Adventure|2002|8|The Santa Clause 2|Nov 1, 2002|Walt Disney|G|$138,277,797|23,799,965
Adventure|2002|9|The Lord of the Rings: The …|Dec 19, 2001|New Line|PG-13|$107,854,245|18,563,553
Adventure|2002|10|Spy Kids 2: The Island of L…|Aug 7, 2002|Miramax/Dimension|PG|$85,570,368|14,728,118
Adventure|2002|11|Snow Dogs|Jan 18, 2002|Walt Disney|PG|$81,150,692|13,967,416
Adventure|2002|12|Spirit: Stallion of the Cim…|May 24, 2002|Dreamworks SKG|G|$73,215,310|12,601,602
Adventure|2002|13|Stuart Little 2|Jul 19, 2002|Sony Pictures|PG|$64,956,806|11,180,173
Adventure|2002|14|The Time Machine|Mar 8, 2002|Dreamworks SKG|PG-13|$56,684,819|9,756,423
Adventure|2002|15|Like Mike|Jul 3, 2002|20th Century Fox|PG|$51,432,423|8,852,396
Adventure|2002|16|Peter Pan: Return to Neverland|Feb 15, 2002|Walt Disney|G|$48,430,258|8,335,672
Adventure|2002|17|Big Fat Liar|Feb 8, 2002|Universal|PG|$47,811,275|8,229,135
Adventure|2002|18|The Master of Disguise|Aug 2, 2002|Sony Pictures|PG|$40,363,530|6,947,251
Adventure|2002|19|Star Trek: Nemesis|Dec 13, 2002|Paramount Pictures|PG-13|$39,825,707|6,854,682
Adventure|2002|20|Clockstoppers|Mar 29, 2002|Paramount Pictures|PG|$36,985,501|6,365,834
Adventure|2002|21|Treasure Planet|Nov 27, 2002|Walt Disney|PG|$35,820,872|6,165,382
Adventure|2002|22|The Wild Thornberrys Movie|Dec 20, 2002|Paramount Pictures|PG|$31,752,651|5,465,172
Adventure|2002|23|The Crocodile Hunter: Colli…|Jul 12, 2002|MGM|PG|$28,436,931|4,894,480
Adventure|2002|24|Jonah: A VeggieTales Movie|Oct 4, 2002|Artisan|G|$25,408,198|4,373,183
Adventure|2002|25|Jimmy Neutron: Boy Genius|Dec 21, 2001|Paramount Pictures|G|$18,597,143|3,200,885
Adventure|2002|26|Harry Potter and the Sorcer…|Nov 16, 2001|Warner Bros.|PG|$17,171,116|2,955,441
Adventure|2002|27|The Country Bears|Jul 26, 2002|Walt Disney|G|$16,988,996|2,924,095
Adventure|2002|28|Hey Arnold! The Movie|Jun 28, 2002|Paramount Pictures|PG|$13,684,949|2,355,412
Adventure|2002|29|The Powerpuff Girls|Jul 3, 2002|Warner Bros.|PG|$11,411,644|1,964,138
Adventure|2002|30|Monsters, Inc.|Nov 2, 2001|Walt Disney|G|$11,234,792|1,933,699
Adventure|2002|31|Sen to Chihiro no Kamikakushi|Sep 20, 2002|Walt Disney|PG|$5,462,320|940,158
Adventure|2002|32|The Lion King|Jun 15, 1994|Walt Disney|G|$5,022,506|864,458
Adventure|2002|33|T-Rex: Back to the Cretaceous|Oct 23, 1998|IMAX Films|Not Rated|$4,301,999|740,447
Adventure|2002|34|Spider-Man/Men in Black II …|Sep 6, 2002|Sony Pictures|PG-13|$3,971,552|683,571
Adventure|2002|35|Pinocchio|Dec 25, 2002|Miramax|G|$3,364,522|579,091
Adventure|2002|36|Haunted Castle|Mar 2, 2001|nWave Pictures|PG|$2,246,943|386,737
Adventure|2002|37|Santa vs. The Snowman|Nov 6, 2002|IMAX Films|Not Rated|$1,918,068|330,132
Adventure|2002|38|Pokemon 4Ever|Oct 11, 2002|Miramax|G|$1,732,301|298,158
Adventure|2002|39|Black Knight|Nov 21, 2001|20th Century Fox|PG-13|$1,480,102|254,750
Adventure|2002|40|Cyberworld 3D|Oct 6, 2000|IMAX Films|Not Rated|$714,586|122,992
Adventure|2002|41|Metropolis|Jan 25, 2002|Sony Pictures|PG-13|$673,414|115,906
Adventure|2002|42|Alien Adventure|Apr 14, 2000|nWave Pictures|Not Rated|$316,045|54,396
Adventure|2002|43|Planet of the Apes|Jul 27, 2001|20th Century Fox|PG-13|$170,202|29,294
Adventure|2002|44|Max Keeble's Big Move|Oct 5, 2001|Walt Disney|PG|$143,477|24,694
Adventure|2002|45|Hansel & Gretel|Oct 18, 2002||PG|$100,477|17,293
Adventure|2003|1|Finding Nemo|May 30, 2003|Walt Disney|G|$339,714,367|56,337,374
Adventure|2003|2|Pirates of the Caribbean: T…|Jul 9, 2003|Walt Disney|PG-13|$305,411,224|50,648,627
Adventure|2003|3|The Lord of the Rings: The …|Dec 17, 2003|New Line|PG-13|$290,425,213|48,163,385
Adventure|2003|4|Elf|Nov 7, 2003|New Line|PG|$170,837,644|28,331,284
Adventure|2003|5|Spy Kids 3-D: Game Over|Jul 25, 2003|Miramax/Dimension|PG|$111,678,621|18,520,500
Adventure|2003|6|The Italian Job|May 30, 2003|Paramount Pictures|PG-13|$106,126,012|17,599,670
Adventure|2003|7|The Cat in the Hat|Nov 21, 2003|Universal|PG|$99,383,495|16,481,508
Adventure|2003|8|Brother Bear|Oct 24, 2003|Walt Disney|G|$83,297,298|13,813,813
Adventure|2003|9|Master and Commander: The F…|Nov 14, 2003|20th Century Fox|PG-13|$83,006,144|13,765,529
Adventure|2003|10|The Lord of the Rings: The …|Dec 18, 2002|New Line|PG-13|$79,483,544|13,181,350
Adventure|2003|11|The Haunted Mansion|Nov 26, 2003|Walt Disney|PG|$70,422,751|11,678,731
Adventure|2003|12|Kangaroo Jack|Jan 17, 2003|Warner Bros.|PG|$66,723,216|11,065,209
Adventure|2003|13|The League of Extraordinary…|Jul 11, 2003|20th Century Fox|PG-13|$66,465,204|11,022,421
Adventure|2003|14|Lara Croft: Tomb Raider: Th…|Jul 25, 2003|Paramount Pictures|PG-13|$65,653,758|10,887,853
Adventure|2003|15|Shanghai Knights|Feb 7, 2003|Walt Disney|PG-13|$60,470,220|10,028,228
Adventure|2003|16|The Jungle Book 2|Feb 14, 2003|Walt Disney|G|$47,901,582|7,943,877
Adventure|2003|17|Agent Cody Banks|Mar 14, 2003|MGM|PG|$47,545,060|7,884,752
Adventure|2003|18|The Lizzie McGuire Movie|May 2, 2003|Walt Disney|PG|$42,734,455|7,086,974
Adventure|2003|19|Rugrats Go Wild|Jun 13, 2003|Paramount Pictures|PG|$39,402,572|6,534,423
Adventure|2003|20|Good Boy!|Oct 10, 2003|MGM|PG|$37,666,266|6,246,478
Adventure|2003|21|Peter Pan|Dec 25, 2003|Universal|PG|$34,179,235|5,668,198
Adventure|2003|22|Johnny English|Jul 18, 2003|Universal|PG|$28,013,509|4,645,689
Adventure|2003|23|Sinbad: Legend of the Seven…|Jul 2, 2003|Dreamworks SKG|PG|$26,483,452|4,391,948
Adventure|2003|24|Piglet's Big Movie|Mar 21, 2003|Walt Disney|G|$23,103,423|3,831,413
Adventure|2003|25|Looney Tunes: Back in Action|Nov 14, 2003|Warner Bros.|PG|$20,678,510|3,429,271
Adventure|2003|26|Timeline|Nov 26, 2003|Paramount Pictures|PG-13|$19,113,238|3,169,691
Adventure|2003|27|Harry Potter and the Chambe…|Nov 15, 2002|Warner Bros.|PG|$9,889,935|1,640,121
Adventure|2003|28|The Lion King|Jun 15, 1994|Walt Disney|G|$9,696,253|1,608,002
Adventure|2003|29|The Wild Thornberrys Movie|Dec 20, 2002|Paramount Pictures|PG|$8,356,046|1,385,745
Adventure|2003|30|Grind|Aug 15, 2003|Warner Bros.|PG-13|$5,111,630|847,699
Adventure|2003|31|Sen to Chihiro no Kamikakushi|Sep 20, 2002|Walt Disney|PG|$4,587,566|760,790
Adventure|2003|32|T-Rex: Back to the Cretaceous|Oct 23, 1998|IMAX Films|Not Rated|$4,180,339|693,256
Adventure|2003|33|Star Trek: Nemesis|Dec 13, 2002|Paramount Pictures|PG-13|$3,428,702|568,607
Adventure|2003|34|Haunted Castle|Mar 2, 2001|nWave Pictures|PG|$2,400,483|398,090
Adventure|2003|35|Young Black Stallion|Dec 25, 2003|Walt Disney|G|$2,349,976|389,714
Adventure|2003|36|Treasure Planet|Nov 27, 2002|Walt Disney|PG|$2,299,682|381,373
Adventure|2003|37|Cowboy Bebop|Apr 4, 2003|Sony Pictures|R|$999,435|165,743
Adventure|2003|38|The Legend of Johnny Lingo|Aug 29, 2003|Innovation Film G…|G|$974,693|161,640
Adventure|2003|39|The Santa Clause 2|Nov 1, 2002|Walt Disney|G|$948,057|157,223
Adventure|2003|40|Santa vs. The Snowman|Nov 6, 2002|IMAX Films|Not Rated|$931,021|154,398
Adventure|2003|41|Pokemon Heroes|May 16, 2003|Miramax|G|$744,928|123,536
Adventure|2003|42|The Lord of the Rings: The …|Dec 19, 2001|New Line|PG-13|$473,463|78,517
Adventure|2003|43|Pinocchio|Dec 25, 2002|Miramax|G|$317,289|52,618
Adventure|2003|44|Spy Kids 2: The Island of L…|Aug 7, 2002|Miramax/Dimension|PG|$275,928|45,759
Adventure|2003|45|Jonah: A VeggieTales Movie|Oct 4, 2002|Artisan|G|$163,153|27,056
Adventure|2003|46|Alien Adventure|Apr 14, 2000|nWave Pictures|Not Rated|$82,855|13,740
Adventure|2004|1|Shrek 2|May 19, 2004|Dreamworks SKG|PG|$441,226,247|71,050,925
Adventure|2004|2|Spider-Man 2|Jun 30, 2004|Sony Pictures|PG-13|$373,524,485|60,148,870
Adventure|2004|3|The Incredibles|Nov 5, 2004|Walt Disney|PG|$251,657,004|40,524,477
Adventure|2004|4|Harry Potter and the Prison…|Jun 4, 2004|Warner Bros.|PG|$249,538,952|40,183,406
Adventure|2004|5|The Day After Tomorrow|May 28, 2004|20th Century Fox|PG-13|$186,740,799|30,070,982
Adventure|2004|6|Shark Tale|Oct 1, 2004|Dreamworks SKG|PG|$160,762,022|25,887,604
Adventure|2004|7|The Polar Express|Nov 10, 2004|Warner Bros.|G|$155,754,116|25,081,178
Adventure|2004|8|National Treasure|Nov 19, 2004|Walt Disney|PG|$154,522,305|24,882,818
Adventure|2004|9|Ocean's Twelve|Dec 10, 2004|Warner Bros.|PG-13|$107,006,344|17,231,295
Adventure|2004|10|Lemony Snicket's A Series o…|Dec 17, 2004|Paramount Pictures|PG|$94,616,745|15,236,190
Adventure|2004|11|The Lord of the Rings: The …|Dec 17, 2003|New Line|PG-13|$86,602,112|13,945,589
Adventure|2004|12|Scooby-Doo 2: Monsters Unle…|Mar 26, 2004|Warner Bros.|PG|$84,185,387|13,556,423
Adventure|2004|13|SpongeBob SquarePants: The …|Nov 19, 2004|Paramount Pictures|PG|$81,900,075|13,188,417
Adventure|2004|14|Garfield: The Movie|Jun 11, 2004|20th Century Fox|PG|$75,367,693|12,136,504
Adventure|2004|15|The Chronicles of Riddick|Jun 11, 2004|Universal|PG-13|$57,712,751|9,293,518
Adventure|2004|16|King Arthur|Jul 7, 2004|Walt Disney|PG-13|$51,877,963|8,353,939
Adventure|2004|17|Home on the Range|Apr 2, 2004|Walt Disney|PG|$50,026,353|8,055,773
Adventure|2004|18|Sky Captain and the World o…|Sep 17, 2004|Paramount Pictures|PG|$37,760,080|6,080,528
Adventure|2004|19|Around the World in 80 Days|Jun 16, 2004|Walt Disney|PG|$24,004,159|3,865,404
Adventure|2004|20|Agent Cody Banks 2: Destina…|Mar 12, 2004|MGM|PG|$23,514,247|3,786,513
Adventure|2004|21|Yu-Gi-Oh|Aug 13, 2004|Warner Bros.|PG|$19,762,690|3,182,397
Adventure|2004|22|Flight of the Phoenix|Dec 17, 2004|20th Century Fox|PG-13|$16,720,242|2,692,470
Adventure|2004|23|Catch That Kid|Feb 6, 2004|20th Century Fox|PG|$16,703,799|2,689,822
Adventure|2004|24|Peter Pan|Dec 25, 2003|Universal|PG|$14,238,615|2,292,852
Adventure|2004|25|Master and Commander: The F…|Nov 14, 2003|20th Century Fox|PG-13|$10,920,242|1,758,493
Adventure|2004|26|Sleepover|Jul 9, 2004|MGM|PG|$9,408,183|1,515,005
Adventure|2004|27|Superbabies: Baby Geniuses 2|Aug 27, 2004|Sony Pictures|PG|$9,109,322|1,466,879
Adventure|2004|28|Thunderbirds|Jul 30, 2004|Universal|PG|$6,768,055|1,089,863
Adventure|2004|29|Teacher's Pet: The Movie|Jan 16, 2004|Walt Disney|PG|$6,491,969|1,045,405
Adventure|2004|30|The Haunted Mansion|Nov 26, 2003|Walt Disney|PG|$5,395,243|868,799
Adventure|2004|31|Young Black Stallion|Dec 25, 2003|Walt Disney|G|$4,264,441|686,705
Adventure|2004|32|Clifford's Really Big Movie|Apr 23, 2004|Warner Bros.|G|$2,922,354|470,588
Adventure|2004|33|T-Rex: Back to the Cretaceous|Oct 23, 1998|IMAX Films|Not Rated|$2,830,964|455,871
Adventure|2004|34|Santa vs. The Snowman|Nov 6, 2002|IMAX Films|Not Rated|$2,818,321|453,835
Adventure|2004|35|Elf|Nov 7, 2003|New Line|PG|$2,560,874|412,379
Adventure|2004|36|Haunted Castle|Mar 2, 2001|nWave Pictures|PG|$2,177,670|350,671
Adventure|2004|37|Brother Bear|Oct 24, 2003|Walt Disney|G|$2,038,979|328,338
Adventure|2004|38|The Cat in the Hat|Nov 21, 2003|Universal|PG|$1,634,788|263,250
Adventure|2004|39|Lakshya|Jun 18, 2004|UTV Communications|Not Rated|$752,344|121,150
Adventure|2004|40|The Legend of Johnny Lingo|Aug 29, 2003|Innovation Film G…|G|$699,304|112,609
Adventure|2004|41|Alien Adventure|Apr 14, 2000|nWave Pictures|Not Rated|$383,357|61,732
Adventure|2004|42|Timeline|Nov 26, 2003|Paramount Pictures|PG-13|$367,501|59,178
Adventure|2004|43|Looney Tunes: Back in Action|Nov 14, 2003|Warner Bros.|PG|$272,310|43,850
Adventure|2004|44|The Snow Walker|Mar 26, 2004||Not Rated|$201,149|32,391
Adventure|2004|45|Spy Kids 3-D: Game Over|Jul 25, 2003|Miramax/Dimension|PG|$82,010|13,206
Adventure|2004|46|Kaena: La prophétie|Jun 25, 2004|IDP Distribution|PG-13|$7,674|1,235
Adventure|2004|47|Good Boy!|Oct 10, 2003|MGM|PG|$1,480|238
Adventure|2005|1|Star Wars Ep. III: Revenge …|May 19, 2005|20th Century Fox|PG-13|$380,270,577|59,324,582
Adventure|2005|2|Harry Potter and the Goblet…|Nov 18, 2005|Warner Bros.|PG-13|$275,132,632|42,922,407
Adventure|2005|3|The Chronicles of Narnia: T…|Dec 9, 2005|Walt Disney|PG|$217,677,877|33,959,107
Adventure|2005|4|Charlie and the Chocolate F…|Jul 15, 2005|Warner Bros.|PG|$206,459,076|32,208,904
Adventure|2005|5|Madagascar|May 27, 2005|Dreamworks SKG|PG|$193,595,521|30,202,109
Adventure|2005|6|King Kong|Dec 14, 2005|Universal|PG-13|$168,505,310|26,287,879
Adventure|2005|7|Chicken Little|Nov 4, 2005|Walt Disney|G|$131,944,653|20,584,189
Adventure|2005|8|Robots|Mar 11, 2005|20th Century Fox|PG|$128,200,012|20,000,001
Adventure|2005|9|Sahara|Apr 8, 2005|Paramount Pictures|PG-13|$68,671,925|10,713,248
Adventure|2005|10|Herbie: Fully Loaded|Jun 22, 2005|Walt Disney|G|$66,010,682|10,298,078
Adventure|2005|11|Sky High|Jul 29, 2005|Walt Disney|PG|$63,939,454|9,974,953
Adventure|2005|12|Wallace & Gromit: The Curse…|Oct 5, 2005|Dreamworks SKG|G|$56,019,476|8,739,387
Adventure|2005|13|Corpse Bride|Sep 23, 2005|Warner Bros.|PG|$53,359,111|8,324,354
Adventure|2005|14|The Hitchhiker's Guide to t…|Apr 29, 2005|Walt Disney|PG|$51,019,112|7,959,299
Adventure|2005|15|Cheaper by the Dozen 2|Dec 21, 2005|20th Century Fox|PG|$50,313,031|7,849,146
Adventure|2005|16|Racing Stripes|Jan 14, 2005|Warner Bros.|PG|$49,772,522|7,764,824
Adventure|2005|17|Kingdom of Heaven|May 6, 2005|20th Century Fox|R|$47,398,413|7,394,448
Adventure|2005|18|The Legend of Zorro|Oct 28, 2005|Sony Pictures|PG|$45,575,336|7,110,036
Adventure|2005|19|The Adventures of Sharkboy …|Jun 10, 2005|Miramax/Dimension|PG|$39,177,684|6,111,963
Adventure|2005|20|The Brothers Grimm|Aug 26, 2005|Miramax/Dimension|PG-13|$37,899,638|5,912,580
Adventure|2005|21|Zathura|Nov 11, 2005|Sony Pictures|PG|$28,045,540|4,375,279
Adventure|2005|22|Lemony Snicket's A Series o…|Dec 17, 2004|Paramount Pictures|PG|$24,010,372|3,745,767
Adventure|2005|23|Valiant|Aug 19, 2005|Walt Disney|G|$19,478,106|3,038,706
Adventure|2005|24|Into the Blue|Sep 30, 2005|Sony Pictures|PG-13|$18,782,227|2,930,144
Adventure|2005|25|Ocean's Twelve|Dec 10, 2004|Warner Bros.|PG-13|$18,525,290|2,890,060
Adventure|2005|26|National Treasure|Nov 19, 2004|Walt Disney|PG|$18,482,697|2,883,416
Adventure|2005|27|Pooh's Heffalump Movie|Feb 11, 2005|Walt Disney|G|$18,098,433|2,823,468
Adventure|2005|28|The Polar Express|Nov 10, 2004|Warner Bros.|G|$17,478,463|2,726,749
Adventure|2005|29|Son of the Mask|Feb 18, 2005|New Line|PG|$17,018,422|2,654,980
Adventure|2005|30|The Incredibles|Nov 5, 2004|Walt Disney|PG|$9,784,088|1,526,378
Adventure|2005|31|Hauru no ugoku shiro|Jun 10, 2005|Walt Disney|PG|$4,710,455|734,860
Adventure|2005|32|Flight of the Phoenix|Dec 17, 2004|20th Century Fox|PG-13|$4,288,938|669,101
Adventure|2005|33|SpongeBob SquarePants: The …|Nov 19, 2004|Paramount Pictures|PG|$3,516,534|548,601
Adventure|2005|34|T-Rex: Back to the Cretaceous|Oct 23, 1998|IMAX Films|Not Rated|$2,697,461|420,820
Adventure|2005|35|Haunted Castle|Mar 2, 2001|nWave Pictures|PG|$2,205,203|344,025
Adventure|2005|36|Bunty Aur Babli|May 27, 2005|Yash Raj Films|Not Rated|$932,509|145,477
Adventure|2005|37|Duma|Sep 30, 2005|Warner Bros.|PG|$870,067|135,735
Adventure|2005|38|Shark Tale|Oct 1, 2004|Dreamworks SKG|PG|$649,978|101,400
Adventure|2005|39|Alien Adventure|Apr 14, 2000|nWave Pictures|Not Rated|$265,765|41,460
Adventure|2005|40|The New World|Dec 25, 2005|New Line|PG-13|$156,471|24,410
Adventure|2005|41|Young Black Stallion|Dec 25, 2003|Walt Disney|G|$136,972|21,368
Adventure|2005|42|The Warrior|Jul 15, 2005|Miramax|R|$48,160|7,513
Adventure|2005|43|Santa vs. The Snowman|Nov 6, 2002|IMAX Films|Not Rated|$38,124|5,947
Adventure|2006|1|Pirates of the Caribbean: D…|Jul 7, 2006|Walt Disney|PG-13|$423,315,812|64,628,368
Adventure|2006|2|Cars|Jun 9, 2006|Walt Disney|G|$244,082,982|37,264,577
Adventure|2006|3|Superman Returns|Jun 28, 2006|Warner Bros.|PG-13|$200,120,000|30,552,671
Adventure|2006|4|Ice Age: The Meltdown|Mar 31, 2006|20th Century Fox|PG|$195,330,621|29,821,468
Adventure|2006|5|Happy Feet|Nov 17, 2006|Warner Bros.|PG|$175,967,627|26,865,286
Adventure|2006|6|Over the Hedge|May 19, 2006|Paramount Pictures|PG|$155,019,340|23,667,074
Adventure|2006|7|Night at the Museum|Dec 22, 2006|20th Century Fox|PG|$115,822,154|17,682,771
Adventure|2006|8|Open Season|Sep 29, 2006|Sony Pictures|PG|$85,105,259|12,993,169
Adventure|2006|9|The Santa Clause 3: The Esc…|Nov 3, 2006|Walt Disney|G|$83,549,047|12,755,579
Adventure|2006|10|The Pink Panther|Feb 10, 2006|Sony Pictures|PG|$82,226,474|12,553,660
Adventure|2006|11|Eight Below|Feb 17, 2006|Walt Disney|PG|$81,612,565|12,459,933
Adventure|2006|12|The Chronicles of Narnia: T…|Dec 9, 2005|Walt Disney|PG|$74,033,080|11,302,760
Adventure|2006|13|Monster House|Jul 21, 2006|Sony Pictures|PG|$73,661,010|11,245,955
Adventure|2006|14|Barnyard: The Original Part…|Aug 4, 2006|Paramount Pictures|PG|$72,779,000|11,111,297
Adventure|2006|15|R.V.|Apr 28, 2006|Sony Pictures|PG|$71,724,497|10,950,304
Adventure|2006|16|Flushed Away|Nov 3, 2006|Paramount Pictures|PG|$61,733,119|9,424,903
Adventure|2006|17|Poseidon|May 12, 2006|Warner Bros.|PG-13|$60,674,817|9,263,330
Adventure|2006|18|Curious George|Feb 10, 2006|Universal|G|$58,640,119|8,952,689
Adventure|2006|19|Eragon|Dec 15, 2006|20th Century Fox|PG|$56,420,434|8,613,806
Adventure|2006|20|Hoodwinked|Jan 13, 2006|Weinstein Co.|PG|$51,386,611|7,845,284
Adventure|2006|21|King Kong|Dec 14, 2005|Universal|PG-13|$49,574,715|7,568,658
Adventure|2006|22|Nanny McPhee|Jan 27, 2006|Universal|PG|$47,279,279|7,218,210
Adventure|2006|23|The Wild|Apr 14, 2006|Walt Disney|G|$37,384,046|5,707,487
Adventure|2006|24|Cheaper by the Dozen 2|Dec 21, 2005|20th Century Fox|PG|$32,258,142|4,924,907
Adventure|2006|25|Garfield: A Tail of Two Kit…|Jun 16, 2006|20th Century Fox|PG|$28,426,747|4,339,961
Adventure|2006|26|The Ant Bully|Jul 28, 2006|Warner Bros.|PG|$28,142,535|4,296,570
Adventure|2006|27|Unaccompanied Minors|Dec 8, 2006|Warner Bros.|PG|$14,993,733|2,289,119
Adventure|2006|28|Harry Potter and the Goblet…|Nov 18, 2005|Warner Bros.|PG-13|$14,880,404|2,271,817
Adventure|2006|29|Everyone's Hero|Sep 15, 2006|20th Century Fox|G|$14,523,101|2,217,267
Adventure|2006|30|The New World|Dec 25, 2005|New Line|PG-13|$12,555,622|1,916,888
Adventure|2006|31|Zoom|Aug 11, 2006|Sony Pictures|PG|$11,989,328|1,830,431
Adventure|2006|32|Hoot|May 5, 2006|New Line|PG|$8,117,637|1,239,333
Adventure|2006|33|Doogal|Feb 24, 2006|Weinstein Co.|G|$7,578,946|1,157,090
Adventure|2006|34|The Polar Express|Nov 10, 2004|Warner Bros.|G|$3,862,602|589,710
Adventure|2006|35|Chicken Little|Nov 4, 2005|Walt Disney|G|$3,442,012|525,498
Adventure|2006|36|Santa vs. The Snowman|Nov 6, 2002|IMAX Films|Not Rated|$1,937,203|295,756
Adventure|2006|37|The Celestine Prophecy|Apr 19, 2006|Ram Entertainment|PG|$1,214,661|185,444
Adventure|2006|38|T-Rex: Back to the Cretaceous|Oct 23, 1998|IMAX Films|Not Rated|$769,288|117,448
Adventure|2006|39|Lassie|Sep 1, 2006|IDP/Goldwyn/Roadside|PG|$652,163|99,566
Adventure|2006|40|Haunted Castle|Mar 2, 2001|nWave Pictures|PG|$541,636|82,692
Adventure|2006|41|Romeo & Juliet: Sealed with…|Oct 27, 2006|Indican Pictures|G|$174,299|26,610
Adventure|2006|42|Kaptein Sabeltann|Sep 22, 2006|Indican Pictures|Not Rated|$105,152|16,053
Adventure|2006|43|Wallace & Gromit: The Curse…|Oct 5, 2005|Dreamworks SKG|G|$49,071|7,491
Adventure|2006|44|Alien Adventure|Apr 14, 2000|nWave Pictures|Not Rated|$48,202|7,359
Adventure|2007|1|Spider-Man 3|May 4, 2007|Sony Pictures|PG-13|$336,530,303|48,914,288
Adventure|2007|2|Shrek the Third|May 17, 2007|Paramount Pictures|PG|$322,719,944|46,906,968
Adventure|2007|3|Pirates of the Caribbean: A…|May 24, 2007|Walt Disney|PG-13|$309,420,425|44,973,898
Adventure|2007|4|Harry Potter and the Order …|Jul 11, 2007|Warner Bros.|PG-13|$292,004,738|42,442,549
Adventure|2007|5|Ratatouille|Jun 29, 2007|Walt Disney|G|$206,445,654|30,006,635
Adventure|2007|6|The Simpsons Movie|Jul 27, 2007|20th Century Fox|PG-13|$183,135,014|26,618,461
Adventure|2007|7|National Treasure: Book of …|Dec 21, 2007|Walt Disney|PG|$170,870,795|24,835,871
Adventure|2007|8|Alvin and the Chipmunks|Dec 14, 2007|20th Century Fox|PG|$153,632,443|22,330,297
Adventure|2007|9|Night at the Museum|Dec 22, 2006|20th Century Fox|PG|$135,041,114|19,628,068
Adventure|2007|10|Bee Movie|Nov 2, 2007|Paramount Pictures|PG|$124,518,342|18,098,596
Adventure|2007|11|Ocean's Thirteen|Jun 8, 2007|Warner Bros.|PG-13|$117,144,465|17,026,811
Adventure|2007|12|Meet the Robinsons|Mar 30, 2007|Walt Disney|G|$97,822,171|14,218,338
Adventure|2007|13|Beowulf|Nov 16, 2007|Paramount Pictures|PG-13|$81,205,200|11,803,081
Adventure|2007|14|The Golden Compass|Dec 7, 2007|New Line|PG-13|$65,664,496|9,544,258
Adventure|2007|15|Surf's Up|Jun 8, 2007|Sony Pictures|PG|$58,867,694|8,556,350
Adventure|2007|16|Underdog|Aug 3, 2007|Walt Disney|PG|$43,760,605|6,360,553
Adventure|2007|17|Stardust|Aug 10, 2007|Paramount Pictures|PG-13|$38,634,938|5,615,543
Adventure|2007|18|Mr. Bean’s Holiday|Aug 24, 2007|Universal|G|$33,302,167|4,840,431
Adventure|2007|19|Happy Feet|Nov 17, 2006|Warner Bros.|PG|$22,032,690|3,202,425
Adventure|2007|20|The Last Mimzy|Mar 23, 2007|New Line|PG|$21,471,047|3,120,791
Adventure|2007|21|Eragon|Dec 15, 2006|20th Century Fox|PG|$18,609,729|2,704,902
Adventure|2007|22|Happily N'Ever After|Jan 5, 2007|Lionsgate|PG|$15,849,032|2,303,638
Adventure|2007|23|Arthur et les Minimoys|Jan 12, 2007|Weinstein Co.|PG|$15,132,763|2,199,529
Adventure|2007|24|The Darjeeling Limited|Sep 29, 2007|Fox Searchlight|R|$11,698,660|1,700,387
Adventure|2007|25|Primeval|Jan 12, 2007|Walt Disney|R|$10,597,734|1,540,368
Adventure|2007|26|The Seeker: The Dark is Rising|Oct 5, 2007|20th Century Fox|PG|$8,794,452|1,278,263
Adventure|2007|27|Aqua Teen Hunger Force Colo…|Apr 13, 2007|First Look|R|$5,520,368|802,379
Adventure|2007|28|Flushed Away|Nov 3, 2006|Paramount Pictures|PG|$2,932,553|426,243
Adventure|2007|29|The Polar Express|Nov 10, 2004|Warner Bros.|G|$2,601,536|378,130
Adventure|2007|30|Santa vs. The Snowman|Nov 6, 2002|IMAX Films|Not Rated|$2,090,777|303,892
Adventure|2007|31|Unaccompanied Minors|Dec 8, 2006|Warner Bros.|PG|$1,661,491|241,495
Adventure|2007|32|The Ten Commandments|Oct 19, 2007|Rocky Mountain Pi…|PG|$952,820|138,491
Adventure|2007|33|The Santa Clause 3: The Esc…|Nov 3, 2006|Walt Disney|G|$951,075|138,237
Adventure|2007|34|The Hunting Party|Sep 7, 2007|Weinstein Co.|R|$876,671|127,423
Adventure|2007|35|T-Rex: Back to the Cretaceous|Oct 23, 1998|IMAX Films|Not Rated|$862,313|125,336
Adventure|2007|36|Haunted Castle|Mar 2, 2001|nWave Pictures|PG|$617,742|89,788
Adventure|2007|37|Romeo & Juliet: Sealed with…|Oct 27, 2006|Indican Pictures|G|$288,703|41,962
Adventure|2007|38|Passage to Zarahemla|Oct 12, 2007|Somerset Films|PG-13|$242,444|35,238
Adventure|2007|39|Dus Kahaniyaan|Dec 7, 2007|Eros Entertainment|Not Rated|$219,071|31,841
Adventure|2007|40|The Holy Mountain|Jan 21, 2007|Abkco Films|Not Rated|$56,479|8,209
Adventure|2007|41|Tekkon Kinkreet|Jul 13, 2007||R|$6,000|872
Adventure|2008|1|Iron Man|May 2, 2008|Paramount Pictures|PG-13|$318,412,101|44,347,089
Adventure|2008|2|Indiana Jones and the Kingd…|May 22, 2008|Paramount Pictures|PG-13|$317,101,119|44,164,501
Adventure|2008|3|WALL-E|Jun 27, 2008|Walt Disney|G|$223,806,889|31,170,876
Adventure|2008|4|Kung Fu Panda|Jun 6, 2008|Paramount Pictures|PG|$215,434,591|30,004,818
Adventure|2008|5|Madagascar: Escape 2 Africa|Nov 7, 2008|Paramount Pictures|PG|$177,016,810|24,654,152
Adventure|2008|6|Horton Hears a Who|Mar 14, 2008|20th Century Fox|G|$154,529,439|21,522,206
Adventure|2008|7|The Chronicles of Narnia: P…|May 16, 2008|Walt Disney|PG|$141,621,490|19,724,441
Adventure|2008|8|The Incredible Hulk|Jun 13, 2008|Universal|PG-13|$134,806,913|18,775,336
Adventure|2008|9|Bolt|Nov 21, 2008|Walt Disney|PG|$109,917,145|15,308,795
Adventure|2008|10|The Mummy: Tomb of the Drag…|Aug 1, 2008|Universal|PG-13|$102,491,776|14,274,621
Adventure|2008|11|Journey to the Center of th…|Jul 11, 2008|Warner Bros.|PG|$101,704,370|14,164,954
Adventure|2008|12|10,000 B.C.|Mar 7, 2008|Warner Bros.|PG-13|$94,784,201|13,201,142
Adventure|2008|13|Beverly Hills Chihuahua|Oct 3, 2008|Walt Disney|PG|$93,778,953|13,061,136
Adventure|2008|14|Bedtime Stories|Dec 25, 2008|Walt Disney|PG|$85,539,168|11,913,533
Adventure|2008|15|Jumper|Feb 14, 2008|20th Century Fox|PG-13|$80,172,128|11,166,035
Adventure|2008|16|The Day the Earth Stood Still|Dec 12, 2008|20th Century Fox|PG-13|$74,424,256|10,365,495
Adventure|2008|17|The Spiderwick Chronicles|Feb 14, 2008|Paramount Pictures|PG|$71,195,053|9,915,746
Adventure|2008|18|Fool's Gold|Feb 8, 2008|Warner Bros.|PG-13|$70,231,041|9,781,482
Adventure|2008|19|Alvin and the Chipmunks|Dec 14, 2007|20th Century Fox|PG|$63,694,531|8,871,105
Adventure|2008|20|National Treasure: Book of …|Dec 21, 2007|Walt Disney|PG|$49,090,706|6,837,145
Adventure|2008|21|Nim's Island|Apr 4, 2008|20th Century Fox|PG|$48,006,762|6,686,179
Adventure|2008|22|College Road Trip|Mar 7, 2008|Walt Disney|G|$45,610,425|6,352,427
Adventure|2008|23|The Sisterhood of the Trave…|Aug 6, 2008|Warner Bros.|PG-13|$44,089,964|6,140,664
Adventure|2008|24|The Tale of Despereaux|Dec 19, 2008|Universal|G|$43,661,775|6,081,027
Adventure|2008|25|Star Wars: The Clone Wars|Aug 15, 2008|Warner Bros.|PG|$35,161,554|4,897,152
Adventure|2008|26|Space Chimps|Jul 18, 2008|20th Century Fox|G|$30,105,968|4,193,032
Adventure|2008|27|Igor|Sep 19, 2008|MGM|PG|$19,447,221|2,708,527
Adventure|2008|28|The Pirates Who Don't Do An…|Jan 11, 2008|Universal|G|$12,981,269|1,807,976
Adventure|2008|29|Fly Me To the Moon|Aug 15, 2008|Summit Entertainment|G|$12,564,415|1,749,918
Adventure|2008|30|Meet Dave|Jul 11, 2008|20th Century Fox|PG|$11,803,254|1,643,907
Adventure|2008|31|City of Ember|Oct 10, 2008|20th Century Fox|PG|$7,862,312|1,095,030
Adventure|2008|32|The Golden Compass|Dec 7, 2007|New Line|PG-13|$4,443,232|618,834
Adventure|2008|33|The Fall|May 9, 2008|Roadside Attractions|R|$2,280,348|317,597
Adventure|2008|34|Bee Movie|Nov 2, 2007|Paramount Pictures|PG|$2,112,935|294,281
Adventure|2008|35|The Polar Express|Nov 10, 2004|Warner Bros.|G|$1,862,997|259,470
Adventure|2008|36|Beowulf|Nov 16, 2007|Paramount Pictures|PG-13|$1,075,379|149,774
Adventure|2008|37|Astérix aux Jeux Olympiques|Jul 4, 2008||Not Rated|$999,811|139,249
Adventure|2008|38|Delgo|Dec 12, 2008|Freestyle Releasing|PG|$915,840|127,554
Adventure|2008|39|Heroes|Oct 24, 2008|Eros Entertainment|R|$655,538|91,300
Adventure|2008|40|Santa vs. The Snowman|Nov 6, 2002|IMAX Films|Not Rated|$514,912|71,714
Adventure|2008|41|Drona|Oct 3, 2008|Eros Entertainment|Not Rated|$475,104|66,170
Adventure|2008|42|C'est pas moi, je le jure!|Sep 26, 2008||Not Rated|$235,027|32,733
Adventure|2008|43|長江七號 (CJ7)|Mar 7, 2008|Sony Pictures Cla…|PG|$206,678|28,785
Adventure|2008|44|The Darjeeling Limited|Sep 29, 2007|Fox Searchlight|R|$204,055|28,420
Adventure|2008|45|The Flyboys|Aug 15, 2008|Self Distributed|PG-13|$144,110|20,071
Adventure|2008|46|Haunted Castle|Mar 2, 2001|nWave Pictures|PG|$139,720|19,459
Adventure|2008|47|Christmas in Wonderland|Nov 9, 2007|Yari Film Group R…|PG|$78,566|10,942
Adventure|2008|48|A Plumm Summer|Apr 25, 2008|Freestyle Releasing|PG|$60,668|8,449
Adventure|2008|49|Roadside Romeo|Oct 24, 2008|Yash Raj Films|Not Rated|$55,202|7,688
Adventure|2008|50|Blue Gap Boy'z|Nov 7, 2008|Better World Dist…|Not Rated|$51,576|7,183
Adventure|2008|51|Passage to Zarahemla|Oct 12, 2007|Somerset Films|PG-13|$47,935|6,676
Adventure|2008|52|Mission Istaanbul|Jul 25, 2008|Raja Cinema|Not Rated|$29,269|4,076
Adventure|2008|53|Last Stop for Paul|Mar 8, 2008|Mandt Brothers|PG-13|$11,340|1,579
Adventure|2008|54|One Piece: Episode of Alaba…|Feb 7, 2008|The Bigger Picture|Not Rated|$6,587|917
Adventure|2008|55|Solar Flare|Jun 6, 2008|Regent Releasing|PG-13|$4,098|570
Adventure|2008|56|Camille|Nov 14, 2008|A-Mark Entertainment|PG-13|$3,849|536
Adventure|2008|57|The Holy Mountain|Jan 21, 2007|Abkco Films|Not Rated|$3,755|522
Adventure|2009|1|Harry Potter and the Half-B…|Jul 15, 2009|Warner Bros.|PG|$301,959,197|40,261,226
Adventure|2009|2|Up|May 29, 2009|Walt Disney|PG|$293,004,164|39,067,222
Adventure|2009|3|Star Trek|May 8, 2009|Paramount Pictures|PG-13|$257,730,019|34,364,003
Adventure|2009|4|Monsters vs. Aliens|Mar 27, 2009|Paramount Pictures|PG|$198,351,526|26,446,870
Adventure|2009|5|Ice Age: Dawn of the Dinosaurs|Jul 1, 2009|20th Century Fox|PG|$196,573,705|26,209,827
Adventure|2009|6|Night at the Museum: Battle…|May 22, 2009|20th Century Fox|PG|$177,243,721|23,632,496
Adventure|2009|7|Alvin and the Chipmunks: Th…|Dec 23, 2009|20th Century Fox|PG|$155,916,935|20,788,925
Adventure|2009|8|Paul Blart: Mall Cop|Jan 16, 2009|Sony Pictures|PG|$146,336,178|19,511,490
Adventure|2009|9|Sherlock Holmes|Dec 25, 2009|Warner Bros.|PG-13|$138,715,437|18,495,392
Adventure|2009|10|Cloudy with a Chance of Mea…|Sep 18, 2009|Sony Pictures|PG|$124,264,907|16,568,654
Adventure|2009|11|G-Force|Jul 24, 2009|Walt Disney|PG|$119,436,770|15,924,903
Adventure|2009|12|The Princess and the Frog|Nov 25, 2009|Walt Disney|G|$85,859,339|11,447,912
Adventure|2009|13|Where the Wild Things Are|Oct 16, 2009|Warner Bros.|PG|$76,566,491|10,208,865
Adventure|2009|14|Coraline|Feb 6, 2009|Focus Features|PG|$75,286,229|10,038,163
Adventure|2009|15|Hotel for Dogs|Jan 16, 2009|Paramount Pictures|PG|$73,178,547|9,757,140
Adventure|2009|16|Race to Witch Mountain|Mar 13, 2009|Walt Disney|PG|$67,172,594|8,956,346
Adventure|2009|17|Planet 51|Nov 20, 2009|Sony Pictures|PG|$39,570,569|5,276,075
Adventure|2009|18|The Pink Panther 2|Feb 6, 2009|Sony Pictures|PG|$35,922,978|4,789,730
Adventure|2009|19|9|Sep 9, 2009|Focus Features|PG-13|$31,749,894|4,233,319
Adventure|2009|20|Toy Story 3D Double Feature|Oct 2, 2009|Walt Disney|G|$30,702,446|4,093,659
Adventure|2009|21|Aliens in the Attic|Jul 31, 2009|20th Century Fox|PG|$25,200,412|3,360,055
Adventure|2009|22|Bedtime Stories|Dec 25, 2008|Walt Disney|PG|$24,562,807|3,275,041
Adventure|2009|23|Shorts|Aug 21, 2009|Warner Bros.|PG|$20,919,166|2,789,222
Adventure|2009|24|Astro Boy|Oct 23, 2009|Summit Entertainment|PG|$19,452,359|2,593,647
Adventure|2009|25|Fantastic Mr. Fox|Nov 13, 2009|20th Century Fox|PG|$19,123,189|2,549,759
Adventure|2009|26|Inkheart|Jan 23, 2009|Warner Bros.|PG|$17,303,424|2,307,123
Adventure|2009|27|Imagine That|Jun 12, 2009|Paramount Pictures|PG|$16,222,392|2,162,986
Adventure|2009|28|Gake no ue no Ponyo|Aug 14, 2009|Walt Disney|G|$15,090,399|2,012,053
Adventure|2009|29|Dragonball Evolution|Apr 10, 2009|20th Century Fox|PG|$9,362,785|1,248,371
Adventure|2009|30|The Tale of Despereaux|Dec 19, 2008|Universal|G|$7,215,370|962,049
Adventure|2009|31|The Day the Earth Stood Still|Dec 12, 2008|20th Century Fox|PG-13|$4,942,722|659,030
Adventure|2009|32|Bolt|Nov 21, 2008|Walt Disney|PG|$4,136,434|551,525
Adventure|2009|33|Madagascar: Escape 2 Africa|Nov 7, 2008|Paramount Pictures|PG|$3,158,070|421,076
Adventure|2009|34|Fly Me To the Moon|Aug 15, 2008|Summit Entertainment|G|$1,979,528|263,937
Adventure|2009|35|Battle for Terra|May 1, 2009|Roadside Attractions|PG|$1,647,083|219,611
Adventure|2009|36|The Imaginarium of Doctor P…|Dec 25, 2009|Sony Pictures Cla…|PG-13|$1,029,821|137,309
Adventure|2009|37|Beverly Hills Chihuahua|Oct 3, 2008|Walt Disney|PG|$735,449|98,060
Adventure|2009|38|The Polar Express|Nov 10, 2004|Warner Bros.|G|$517,658|69,021
Adventure|2009|39|Outlander|Jan 23, 2009|Third Rail|R|$166,003|22,133
Adventure|2009|40|El delfín: La historia de u…|Dec 7, 2010||PG|$118,012|15,735
Adventure|2009|41|Evangerion shin gekijôban: Jo|Jul 3, 2009|Eleven Arts|PG-13|$107,797|14,372
Adventure|2009|42|Igor|Sep 19, 2008|MGM|PG|$81,381|10,851
Adventure|2009|43|Super Capers|Mar 20, 2009|Roadside Attractions|PG|$30,955|4,127
Adventure|2009|44|Severed Ways: The Norse Dis…|Mar 13, 2009|Magnolia Pictures|Not Rated|$18,728|2,497
Adventure|2009|45|A Town Called Panic|Dec 16, 2009|Zeitgeist|Not Rated|$17,542|2,338
Adventure|2009|46|Santa vs. The Snowman|Nov 6, 2002|IMAX Films|Not Rated|$10,708|1,427
Adventure|2009|47|City of Ember|Oct 10, 2008|20th Century Fox|PG|$10,695|1,426
Adventure|2009|48|Confessions of a Ex-Doofus-…|Aug 14, 2009|Self Distributed|Not Rated|$2,310|308
Adventure|2009|49|WALL-E|Jun 27, 2008|Walt Disney|G|$1,275|170
Adventure|2010|1|Toy Story 3|Jun 18, 2010|Walt Disney|G|$415,004,880|52,598,844
Adventure|2010|2|Alice in Wonderland|Mar 5, 2010|Walt Disney|PG|$334,191,110|42,356,287
Adventure|2010|3|Harry Potter and the Deathl…|Nov 19, 2010|Warner Bros.|PG-13|$283,533,215|35,935,769
Adventure|2010|4|Despicable Me|Jul 9, 2010|Universal|PG|$251,203,225|31,838,178
Adventure|2010|5|Shrek Forever After|May 21, 2010|Paramount Pictures|PG|$238,736,787|30,258,148
Adventure|2010|6|How to Train Your Dragon|Mar 26, 2010|Paramount Pictures|PG|$217,581,231|27,576,835
Adventure|2010|7|The Karate Kid|Jun 11, 2010|Sony Pictures|PG|$176,591,618|22,381,701
Adventure|2010|8|Megamind|Nov 5, 2010|Paramount Pictures|PG|$144,192,018|18,275,287
Adventure|2010|9|The Last Airbender|Jul 1, 2010|Paramount Pictures|PG|$131,772,187|16,701,164
Adventure|2010|10|Tron: Legacy|Dec 17, 2010|Walt Disney|PG|$131,304,844|16,641,932
Adventure|2010|11|Percy Jackson & the Olympia…|Feb 12, 2010|20th Century Fox|PG|$88,768,303|11,250,735
Adventure|2010|12|The Chronicles of Narnia: T…|Dec 10, 2010|20th Century Fox|PG|$86,926,397|11,017,287
Adventure|2010|13|Sherlock Holmes|Dec 25, 2009|Warner Bros.|PG-13|$70,313,242|8,911,691
Adventure|2010|14|Yogi Bear|Dec 17, 2010|Warner Bros.|PG|$65,755,336|8,334,010
Adventure|2010|15|Diary of a Wimpy Kid|Mar 19, 2010|20th Century Fox|PG|$64,003,625|8,111,993
Adventure|2010|16|Alvin and the Chipmunks: Th…|Dec 23, 2009|20th Century Fox|PG|$63,697,677|8,073,216
Adventure|2010|17|The Sorcerer's Apprentice|Jul 14, 2010|Walt Disney|PG|$63,150,991|8,003,927
Adventure|2010|18|Tooth Fairy|Jan 22, 2010|20th Century Fox|PG|$60,022,256|7,607,384
Adventure|2010|19|Legend of the Guardians: Th…|Sep 24, 2010|Warner Bros.|PG|$55,549,823|7,040,535
Adventure|2010|20|Cats & Dogs: The Revenge of…|Jul 30, 2010|Warner Bros.|PG|$43,585,753|5,524,177
Adventure|2010|21|Marmaduke|Jun 4, 2010|20th Century Fox|PG|$33,644,788|4,264,232
Adventure|2010|22|Nanny McPhee and the Big Bang|Aug 20, 2010|Universal|PG|$29,197,642|3,700,588
Adventure|2010|23|Gulliver's Travels|Dec 25, 2010|20th Century Fox|PG|$27,454,506|3,479,659
Adventure|2010|24|Ramona and Beezus|Jul 23, 2010|20th Century Fox|G|$26,167,002|3,316,477
Adventure|2010|25|Alpha and Omega 3D|Sep 17, 2010|Lionsgate|PG|$25,107,267|3,182,163
Adventure|2010|26|The Spy Next Door|Jan 15, 2010|Lionsgate|PG|$24,307,106|3,080,748
Adventure|2010|27|The Princess and the Frog|Nov 25, 2009|Walt Disney|G|$18,541,560|2,350,007
Adventure|2010|28|Furry Vengeance|Apr 30, 2010|Summit Entertainment|PG|$17,630,465|2,234,533
Adventure|2010|29|The Imaginarium of Doctor P…|Dec 25, 2009|Sony Pictures Cla…|PG-13|$6,659,786|844,079
Adventure|2010|30|Planet 51|Nov 20, 2009|Sony Pictures|PG|$2,623,491|332,508
Adventure|2010|31|Fantastic Mr. Fox|Nov 13, 2009|20th Century Fox|PG|$1,879,730|238,242
Adventure|2010|32|The Secret of Kells|Mar 5, 2010|GKIDS|Not Rated|$690,290|87,489
Adventure|2010|33|The Polar Express|Nov 10, 2004|Warner Bros.|G|$672,796|85,272
Adventure|2010|34|Where the Wild Things Are|Oct 16, 2009|Warner Bros.|PG|$666,976|84,534
Adventure|2010|35|Cloudy with a Chance of Mea…|Sep 18, 2009|Sony Pictures|PG|$605,368|76,726
Adventure|2010|36|Arthur and the War of Two W…|Dec 31, 2010||PG|$347,136|43,996
Adventure|2010|37|Le Petit Nicolas|Feb 19, 2010||Not Rated|$201,857|25,583
Adventure|2010|38|Iron Man|May 2, 2008|Paramount Pictures|PG-13|$192,025|24,338
Adventure|2010|39|A Town Called Panic|Dec 16, 2009|Zeitgeist|Not Rated|$147,967|18,753
Adventure|2010|40|L'illusionniste|Dec 25, 2010|Sony Pictures Cla…|PG|$123,476|15,649
Adventure|2010|41|Astro Boy|Oct 23, 2009|Summit Entertainment|PG|$98,708|12,511
Adventure|2010|42|Gedo Senki (Tales from Eart…|Aug 13, 2010|Walt Disney|PG-13|$48,658|6,167
Adventure|2010|43|Terkel i knibe|Mar 26, 2010||Not Rated|$40,621|5,148
Adventure|2010|44|Samâ uôzu|Dec 24, 2010|GKIDS|PG-13|$15,623|1,980
Adventure|2011|1|Harry Potter and the Deathl…|Jul 15, 2011|Warner Bros.|PG-13|$381,011,219|48,046,812
Adventure|2011|2|Pirates of the Caribbean: O…|May 20, 2011|Walt Disney|PG-13|$241,063,875|30,398,975
Adventure|2011|3|Cars 2|Jun 24, 2011|Walt Disney|G|$191,450,875|24,142,607
Adventure|2011|4|Rise of the Planet of the Apes|Aug 5, 2011|20th Century Fox|PG-13|$176,760,185|22,290,061
Adventure|2011|5|Kung Fu Panda 2|May 26, 2011|Paramount Pictures|PG|$165,249,063|20,838,469
Adventure|2011|6|Puss in Boots|Oct 28, 2011|Paramount Pictures|PG|$145,738,327|18,378,099
Adventure|2011|7|Rio|Apr 15, 2011|20th Century Fox|PG|$143,619,809|18,110,947
Adventure|2011|8|The Smurfs|Jul 29, 2011|Sony Pictures|PG|$142,614,158|17,984,130
Adventure|2011|9|Rango|Mar 4, 2011|Paramount Pictures|PG|$123,477,607|15,570,947
Adventure|2011|10|Hop|Apr 1, 2011|Universal|PG|$108,085,305|13,629,925
Adventure|2011|11|Alvin and the Chipmunks: Ch…|Dec 16, 2011|20th Century Fox|G|$97,848,114|12,338,980
Adventure|2011|12|The Lion King|Jun 15, 1994|Walt Disney|G|$94,233,351|11,883,146
Adventure|2011|13|The Muppets|Nov 23, 2011|Walt Disney|PG|$82,529,452|10,407,244
Adventure|2011|14|Mr. Poppers's Penguins|Jun 17, 2011|20th Century Fox|PG|$68,224,452|8,603,336
Adventure|2011|15|Happy Feet Two|Nov 18, 2011|Warner Bros.|PG|$60,965,866|7,688,003
Adventure|2011|16|I am Number Four|Feb 18, 2011|Walt Disney|PG-13|$55,100,437|6,948,352
Adventure|2011|17|Diary of a Wimpy Kid: Rodri…|Mar 25, 2011|20th Century Fox|PG|$52,698,535|6,645,465
Adventure|2011|18|The Adventures of Tintin|Dec 21, 2011|Paramount Pictures|PG|$51,400,450|6,481,772
Adventure|2011|19|Hugo|Nov 23, 2011|Paramount Pictures|PG|$50,313,495|6,344,703
Adventure|2011|20|Arthur Christmas|Nov 23, 2011|Sony Pictures|PG|$45,820,235|5,778,087
Adventure|2011|21|Tron: Legacy|Dec 17, 2010|Walt Disney|PG|$40,757,919|5,139,712
Adventure|2011|22|Spy Kids: All the Time in t…|Aug 19, 2011|Weinstein/Dimension|PG|$38,536,376|4,859,568
Adventure|2011|23|Yogi Bear|Dec 17, 2010|Warner Bros.|PG|$34,490,675|4,349,392
Adventure|2011|24|Winnie the Pooh|Jul 15, 2011|Walt Disney|G|$26,692,846|3,366,058
Adventure|2011|25|Sanctum|Feb 4, 2011|Universal|R|$23,209,310|2,926,773
Adventure|2011|26|Mars Needs Moms|Mar 11, 2011|Walt Disney|PG|$21,392,758|2,697,699
Adventure|2011|27|The Three Musketeers|Oct 21, 2011|Summit Entertainment|PG-13|$20,377,913|2,569,724
Adventure|2011|28|The Chronicles of Narnia: T…|Dec 10, 2010|20th Century Fox|PG|$17,460,553|2,201,835
Adventure|2011|29|Gulliver's Travels|Dec 25, 2010|20th Century Fox|PG|$15,324,755|1,932,504
Adventure|2011|30|Judy Moody and the Not Bumm…|Jun 10, 2011|Relativity|PG|$15,013,650|1,893,272
Adventure|2011|31|Harry Potter and the Deathl…|Nov 19, 2010|Warner Bros.|PG-13|$12,450,090|1,569,999
Adventure|2011|32|Hoodwinked Too: Hood vs. Evil|Apr 29, 2011|Weinstein Co.|PG|$10,143,779|1,279,165
Adventure|2011|33|Johnny English Reborn|Oct 21, 2011|Universal|PG|$8,406,711|1,060,115
Adventure|2011|34|Megamind|Nov 5, 2010|Paramount Pictures|PG|$4,223,825|532,639
Adventure|2011|35|The Way Back|Jan 21, 2011|Newmarket Films|PG-13|$2,719,296|342,912
Adventure|2011|36|L'illusionniste|Dec 25, 2010|Sony Pictures Cla…|PG|$2,107,998|265,825
Adventure|2011|37|The Lord of the Rings: The …|Dec 17, 2003|New Line|PG-13|$818,580|103,226
Adventure|2011|38|The Lord of the Rings: The …|Dec 19, 2001|New Line|PG-13|$768,580|96,921
Adventure|2011|39|The Lord of the Rings: The …|Dec 18, 2002|New Line|PG-13|$764,607|96,420
Adventure|2011|40|The Polar Express|Nov 10, 2004|Warner Bros.|G|$711,168|89,681
Adventure|2011|41|Arthur et la vengeance de M…|Feb 25, 2011|Alliance Films|PG|$347,136|43,775
Adventure|2011|42|Despicable Me|Jul 9, 2010|Universal|PG|$310,760|39,188
Adventure|2011|43|Blackthorn|Oct 7, 2011|Magnolia Pictures|R|$186,660|23,538
Adventure|2011|44|Legend of the Guardians: Th…|Sep 24, 2010|Warner Bros.|PG|$125,490|15,825
Adventure|2011|45|Samâ uôzu|Dec 24, 2010|GKIDS|PG-13|$62,559|7,888
Adventure|2011|46|Alabama Moon|Mar 18, 2011|Faulkner-McLean E…|PG|$47,009|5,927
Adventure|2011|47|Mia et le Migou|Mar 25, 2011|GKIDS|PG|$16,975|2,140
Adventure|2011|48|OKA!|Oct 14, 2011|Dada Films|Not Rated|$14,083|1,775
Adventure|2011|49|Terkel i knibe|Mar 26, 2010||Not Rated|$6,584|830
Adventure|2011|50|Miss Minoes|Dec 23, 2011|Music Box Films|PG|$5,947|749
Adventure|2011|51|Zokkomon|Apr 22, 2011|Walt Disney|PG|$2,815|354
Adventure|2012|1|The Hobbit: An Unexpected J…|Dec 14, 2012|Warner Bros.|PG-13|$263,834,893|33,145,087
Adventure|2012|2|The Amazing Spider-Man|Jul 3, 2012|Sony Pictures|PG-13|$262,030,663|32,918,425
Adventure|2012|3|Brave|Jun 22, 2012|Walt Disney|PG|$237,277,071|29,808,677
Adventure|2012|4|Ted|Jun 29, 2012|Universal|R|$218,665,740|27,470,570
Adventure|2012|5|Madagascar 3: Europe's Most…|Jun 8, 2012|Paramount Pictures|PG|$216,391,482|27,184,859
Adventure|2012|6|Doctor Seuss' The Lorax|Mar 2, 2012|Universal|PG|$214,030,500|26,888,253
Adventure|2012|7|Men in Black 3|May 25, 2012|Sony Pictures|PG-13|$179,020,854|22,490,057
Adventure|2012|8|Wreck-It Ralph|Nov 2, 2012|Walt Disney|PG|$178,501,640|22,424,829
Adventure|2012|9|Ice Age: Continental Drift|Jul 13, 2012|20th Century Fox|PG|$161,204,082|20,251,769
Adventure|2012|10|Snow White and the Huntsman|Jun 1, 2012|Universal|PG-13|$155,136,755|19,489,542
Adventure|2012|11|Hotel Transylvania|Sep 28, 2012|Sony Pictures|PG|$146,172,361|18,363,361
Adventure|2012|12|Prometheus|Jun 8, 2012|20th Century Fox|R|$126,477,084|15,889,080
Adventure|2012|13|Journey 2: The Mysterious I…|Feb 10, 2012|Warner Bros.|PG|$103,860,290|13,047,775
Adventure|2012|14|Rise of the Guardians|Nov 21, 2012|Paramount Pictures|PG|$97,227,667|12,214,531
Adventure|2012|15|Wrath of the Titans|Mar 30, 2012|Warner Bros.|PG-13|$83,670,083|10,511,316
Adventure|2012|16|John Carter|Mar 9, 2012|Walt Disney|PG-13|$73,058,679|9,178,226
Adventure|2012|17|Mirror Mirror|Mar 30, 2012|Relativity|PG|$64,935,167|8,157,684
Adventure|2012|18|ParaNorman|Aug 17, 2012|Focus Features|PG|$56,003,051|7,035,559
Adventure|2012|19|Parental Guidance|Dec 25, 2012|20th Century Fox|PG|$52,339,698|6,575,338
Adventure|2012|20|Diary of a Wimpy Kid: Dog Days|Aug 3, 2012|20th Century Fox|PG|$49,008,662|6,156,867
Adventure|2012|21|The Three Stooges|Apr 13, 2012|20th Century Fox|PG|$44,338,224|5,570,128
Adventure|2012|22|Star Wars Ep. I: The Phanto…|May 19, 1999|20th Century Fox|PG|$43,456,382|5,459,344
Adventure|2012|23|Finding Nemo|May 30, 2003|Walt Disney|G|$40,795,794|5,125,099
Adventure|2012|24|Alvin and the Chipmunks: Ch…|Dec 16, 2011|20th Century Fox|G|$35,259,275|4,429,557
Adventure|2012|25|Frankenweenie|Oct 5, 2012|Walt Disney|PG|$34,933,733|4,388,659
Adventure|2012|26|The Pirates! Band of Misfits|Apr 27, 2012|Sony Pictures|PG|$31,051,126|3,900,895
Adventure|2012|27|Monsters, Inc.|Nov 2, 2001|Walt Disney|G|$27,978,476|3,514,883
Adventure|2012|28|The Adventures of Tintin|Dec 21, 2011|Paramount Pictures|PG|$26,191,381|3,290,374
Adventure|2012|29|Hugo|Nov 23, 2011|Paramount Pictures|PG|$23,551,012|2,958,669
Adventure|2012|30|Kari gurashi no Arietti|Feb 17, 2012|Walt Disney|G|$19,192,510|2,411,119
Adventure|2012|31|The Muppets|Nov 23, 2011|Walt Disney|PG|$6,096,470|765,888
Adventure|2012|32|Puss in Boots|Oct 28, 2011|Paramount Pictures|PG|$3,522,177|442,484
Adventure|2012|33|Raiders of the Lost Ark|Jun 12, 1981|Paramount Pictures|PG|$3,125,613|392,664
Adventure|2012|34|Happy Feet Two|Nov 18, 2011|Warner Bros.|PG|$3,040,600|381,984
Adventure|2012|35|The Oogieloves in the BIG B…|Aug 29, 2012|Kenn Viselman Pre…|G|$1,065,907|133,907
Adventure|2012|36|Arthur Christmas|Nov 23, 2011|Sony Pictures|PG|$642,234|80,682
Adventure|2012|37|The Polar Express|Nov 10, 2004|Warner Bros.|G|$545,345|68,510
Adventure|2012|38|Une vie de chat|Feb 24, 2012|Mongrel Media|PG|$287,709|36,144
Adventure|2012|39|Hagane no renkinjutsushi: M…|Jan 20, 2012|Eleven Arts|Not Rated|$178,000|22,361
Adventure|2012|40|Na pude|Sep 7, 2012|Hannover House|PG|$64,918|8,155
Adventure|2012|41|La nouvelle guerre des boutons|Oct 12, 2012|Weinstein Co.|Not Rated|$45,602|5,728
Adventure|2012|42|Le Voyage dans la Lune|Oct 4, 1902||Not Rated|$45,353|5,697
Adventure|2012|43|Blackthorn|Oct 7, 2011|Magnolia Pictures|R|$13,898|1,745
Adventure|2012|44|The Lion King|Jun 15, 1994|Walt Disney|G|$7,284|915
Adventure|2012|45|Le chat du rabbin|Dec 7, 2012|GKIDS|Not Rated|$4,301|540
Adventure|2012|46|OKA!|Oct 14, 2011|Dada Films|Not Rated|$4,281|537
Adventure|2012|47|Miss Minoes|Dec 23, 2011|Music Box Films|PG|$4,242|532
Adventure|2012|48|Terkel i knibe|Mar 26, 2010||Not Rated|$3,259|409
Adventure|2013|1|The Hunger Games: Catching …|Nov 22, 2013|Lionsgate|PG-13|$407,139,699|50,078,683
Adventure|2013|2|Despicable Me 2|Jul 3, 2013|Universal|PG|$367,956,735|45,259,130
Adventure|2013|3|Monsters University|Jun 21, 2013|Walt Disney|G|$268,488,329|33,024,394
Adventure|2013|4|Oz the Great and Powerful|Mar 8, 2013|Walt Disney|PG|$234,770,996|28,877,121
Adventure|2013|5|The Hobbit: The Desolation …|Dec 13, 2013|Warner Bros.|PG-13|$229,059,642|28,174,617
Adventure|2013|6|Star Trek Into Darkness|May 16, 2013|Paramount Pictures|PG-13|$228,778,661|28,140,056
Adventure|2013|7|The Croods|Mar 22, 2013|20th Century Fox|PG|$187,168,425|23,021,946
Adventure|2013|8|Cloudy with a Chance of Mea…|Sep 27, 2013|Sony Pictures|PG|$117,614,237|14,466,695
Adventure|2013|9|Epic|May 24, 2013|20th Century Fox|PG|$107,518,682|13,224,930
Adventure|2013|10|Disney Planes|Aug 9, 2013|Walt Disney|PG|$90,282,580|11,104,868
Adventure|2013|11|Turbo|Jul 17, 2013|20th Century Fox|PG|$83,028,130|10,212,562
Adventure|2013|12|The Smurfs 2|Jul 31, 2013|Sony Pictures|PG|$71,017,784|8,735,274
Adventure|2013|13|Percy Jackson: Sea of Monsters|Aug 7, 2013|20th Century Fox|PG|$68,518,210|8,427,824
Adventure|2013|14|Jack the Giant Slayer|Mar 1, 2013|Warner Bros.|PG-13|$65,187,603|8,018,155
Adventure|2013|15|Ender's Game|Nov 1, 2013|Lionsgate|PG-13|$61,656,849|7,583,868
Adventure|2013|16|Escape From Planet Earth|Feb 15, 2013|Weinstein Co.|PG|$57,012,977|7,012,666
Adventure|2013|17|Free Birds|Nov 1, 2013|Relativity|PG|$54,894,525|6,752,094
Adventure|2013|18|The Secret Life of Walter M…|Dec 25, 2013|20th Century Fox|PG|$45,470,954|5,592,983
Adventure|2013|19|The Hobbit: An Unexpected J…|Dec 14, 2012|Warner Bros.|PG-13|$39,168,675|4,817,795
Adventure|2013|20|Walking with Dinosaurs|Dec 20, 2013|20th Century Fox|PG|$31,344,185|3,855,373
Adventure|2013|21|The Mortal Instruments: Cit…|Aug 21, 2013|Sony Pictures|PG-13|$31,165,421|3,833,385
Adventure|2013|22|Parental Guidance|Dec 25, 2012|20th Century Fox|PG|$24,927,598|3,066,125
Adventure|2013|23|Wreck-It Ralph|Nov 2, 2012|Walt Disney|PG|$10,911,037|1,342,070
Adventure|2013|24|Rise of the Guardians|Nov 21, 2012|Paramount Pictures|PG|$6,185,091|760,773
Adventure|2013|25|Monsters, Inc.|Nov 2, 2001|Walt Disney|G|$5,571,699|685,325
Adventure|2013|26|Hotel Transylvania|Sep 28, 2012|Sony Pictures|PG|$2,140,687|263,307
Adventure|2013|27|The Christmas Candle|Nov 15, 2013|Echolight Studios|PG|$1,632,000|200,738
Adventure|2013|28|The Lost Medallion: The Adv…|Mar 1, 2013|Freestyle Releasing|PG|$549,632|67,605
Adventure|2013|29|Frankenweenie|Oct 5, 2012|Walt Disney|PG|$354,055|43,549
Adventure|2013|30|2001: A Space Odyssey|Apr 2, 1968|MGM|G|$214,618|26,398
Adventure|2013|31|Gekijoban Mahou Shojo Madok…|Dec 6, 2013|Eleven Arts|Not Rated|$190,478|23,429
Adventure|2013|32|Ernest et Celestine|Mar 1, 2013|Mongrel Media|Not Rated|$135,918|16,718
Adventure|2013|33|Ice Age: Continental Drift|Jul 13, 2012|20th Century Fox|PG|$117,761|14,484
Adventure|2013|34|Di Renjie zhi shendu longwang|Sep 27, 2013|AMC Independent|Not Rated|$87,783|10,797
Adventure|2013|35|Boule et Bill|Nov 8, 2013|Distrib Films|Not Rated|$56,224|6,915
Adventure|2013|36|Zaytoun|Sep 20, 2013|Strand|Not Rated|$30,743|3,781
Adventure|2013|37|Finding Nemo|May 30, 2003|Walt Disney|G|$19,209|2,362
Adventure|2013|38|Brave|Jun 22, 2012|Walt Disney|PG|$5,111|628
Adventure|2013|39|Last Flight of the Champion|Aug 30, 2013|High Top Releasing|PG|$2,597|319
Adventure|2013|40|Terkel i knibe|Mar 26, 2010||Not Rated|$500|61
Adventure|2014|1|The Lego Movie|Feb 7, 2014|Warner Bros.|PG|$257,784,718|31,552,597
Adventure|2014|2|Maleficent|May 30, 2014|Walt Disney|PG|$241,407,328|29,548,020
Adventure|2014|3|The Hobbit: The Battle of t…|Dec 17, 2014|Warner Bros.|PG-13|$220,602,017|27,001,470
Adventure|2014|4|Big Hero 6|Nov 7, 2014|Walt Disney|PG|$211,207,036|25,851,534
Adventure|2014|5|Dawn of the Planet of the Apes|Jul 11, 2014|20th Century Fox|PG-13|$208,545,589|25,525,775
Adventure|2014|6|Teenage Mutant Ninja Turtles|Aug 8, 2014|Paramount Pictures|PG-13|$191,204,754|23,403,274
Adventure|2014|7|Interstellar|Nov 5, 2014|Paramount Pictures|PG-13|$182,802,094|22,374,797
Adventure|2014|8|How to Train Your Dragon 2|Jun 13, 2014|20th Century Fox|PG|$177,002,924|21,664,984
Adventure|2014|9|Divergent|Mar 21, 2014|Lionsgate|PG-13|$150,947,895|18,475,874
Adventure|2014|10|Rio 2|Apr 11, 2014|20th Century Fox|G|$131,538,435|16,100,175
Adventure|2014|11|Mr. Peabody & Sherman|Mar 7, 2014|20th Century Fox|PG|$111,506,430|13,648,277
Adventure|2014|12|Penguins of Madagascar|Nov 26, 2014|20th Century Fox|PG|$74,028,222|9,060,981
Adventure|2014|13|Night at the Museum: Secret…|Dec 19, 2014|20th Century Fox|PG|$69,354,582|8,488,932
Adventure|2014|14|Alexander and the Terrible,…|Oct 10, 2014|Walt Disney|PG|$66,032,663|8,082,333
Adventure|2014|15|The Nut Job|Jan 17, 2014|Open Road|PG|$64,251,538|7,864,325
Adventure|2014|16|Planes: Fire and Rescue|Jul 18, 2014|Walt Disney|PG|$59,157,732|7,240,848
Adventure|2014|17|Muppets Most Wanted|Mar 21, 2014|Walt Disney|PG|$51,178,893|6,264,246
Adventure|2014|18|The Boxtrolls|Sep 26, 2014|Focus Features|PG|$50,618,671|6,195,675
Adventure|2014|19|The Book of Life|Oct 17, 2014|20th Century Fox|PG|$49,322,356|6,037,008
Adventure|2014|20|Earth to Echo|Jul 2, 2014|Relativity|PG|$38,934,842|4,765,586
Adventure|2014|21|The Hobbit: The Desolation …|Dec 13, 2013|Warner Bros.|PG-13|$29,307,213|3,587,174
Adventure|2014|22|Ghostbusters|Jun 8, 1984|Sony Pictures|PG|$21,356,969|2,614,072
Adventure|2014|23|The Legend of Hercules|Jan 10, 2014|Lionsgate|PG-13|$18,848,538|2,307,042
Adventure|2014|24|The Hunger Games: Catching …|Nov 22, 2013|Lionsgate|PG-13|$17,528,348|2,145,452
Adventure|2014|25|The Secret Life of Walter M…|Dec 25, 2013|20th Century Fox|PG|$12,765,884|1,562,531
Adventure|2014|26|Moms’ Night Out|May 9, 2014|Sony Pictures|PG|$10,429,707|1,276,585
Adventure|2014|27|Legends of Oz: Dorothy’s Re…|May 9, 2014|Clarius Entertain…|PG|$8,462,347|1,035,782
Adventure|2014|28|Walking with Dinosaurs|Dec 20, 2013|20th Century Fox|PG|$4,731,936|579,184
Adventure|2014|29|Cloudy with a Chance of Mea…|Sep 27, 2013|Sony Pictures|PG|$2,179,330|266,747
Adventure|2014|30|Free Birds|Nov 1, 2013|Relativity|PG|$855,955|104,768
Adventure|2014|31|Pirates|Sep 12, 2014|Well Go USA|Not Rated|$160,133|19,600
Adventure|2014|32|Ernest et Celestine|Mar 1, 2013|Mongrel Media|Not Rated|$156,644|19,173
Adventure|2014|33|2001: A Space Odyssey|Apr 2, 1968|MGM|G|$135,370|16,569
Adventure|2014|34|Despicable Me 2|Jul 3, 2013|Universal|PG|$108,650|13,298
Adventure|2014|35|En solitaire|Apr 18, 2014|Mongrel Media|Not Rated|$103,628|12,683
Adventure|2014|36|Ender's Game|Nov 1, 2013|Lionsgate|PG-13|$80,342|9,833
Adventure|2014|37|Song of the Sea|Dec 19, 2014|GKIDS|PG|$65,845|8,059
Adventure|2014|38|The Taking of Tiger Mountain|Jan 2, 2015|Well Go USA|Not Rated|$50,621|6,195
Adventure|2014|39|Percy Jackson: Sea of Monsters|Aug 7, 2013|20th Century Fox|PG|$41,344|5,060
Adventure|2014|40|Rocks in My Pockets|Sep 3, 2014|Zeitgeist|Not Rated|$34,236|4,190
Adventure|2014|41|The Hero of Color City|Oct 3, 2014|Magnolia Pictures|G|$32,188|3,939
Adventure|2014|42|Yellow Day|Sep 19, 2014|Self Distributed|PG|$31,000|3,794
Adventure|2014|43|Xi you xiang mo pian|Mar 7, 2014|Magnolia Pictures|PG-13|$18,058|2,210
Adventure|2014|44|War of the World's Goliath|Mar 7, 2014|Anderson Digital|PG-13|$13,385|1,638
Adventure|2014|45|Falcon Rising|Sep 4, 2014|Freestyle Releasing|R|$11,774|1,441
Adventure|2014|46|Le roi et l'oiseau|Nov 21, 2014|Rialto Pictures|Not Rated|$9,554|1,169
Adventure|2014|47|Canopy|Aug 29, 2014|Monterey Media|PG-13|$8,462|1,035
Adventure|2014|48|Thunder and the House of Magic|Sep 5, 2014|Shout! Factory|Not Rated|$4,091|500
Adventure|2014|49|Ragnarok|Aug 15, 2014|Magnolia Pictures|PG-13|$1,369|167
Adventure|2015|1|Star Wars Ep. VII: The Forc…|Dec 18, 2015|Walt Disney|PG-13|$742,208,942|88,043,765
Adventure|2015|2|Inside Out|Jun 19, 2015|Walt Disney|PG|$356,461,711|42,284,900
Adventure|2015|3|Minions|Jul 10, 2015|Universal|PG|$336,045,770|39,863,081
Adventure|2015|4|Home|Mar 27, 2015|20th Century Fox|PG|$177,397,510|21,043,595
Adventure|2015|5|Hotel Transylvania 2|Sep 25, 2015|Sony Pictures|PG|$168,471,018|19,984,700
Adventure|2015|6|The SpongeBob Movie: Sponge…|Feb 6, 2015|Paramount Pictures|PG|$162,994,032|19,334,997
Adventure|2015|7|San Andreas|May 29, 2015|Warner Bros.|PG-13|$155,190,832|18,409,351
Adventure|2015|8|The Peanuts Movie|Nov 6, 2015|20th Century Fox|G|$128,235,584|15,211,813
Adventure|2015|9|The Good Dinosaur|Nov 25, 2015|Walt Disney|PG|$114,766,932|13,614,108
Adventure|2015|10|Tomorrowland|May 22, 2015|Walt Disney|PG|$93,436,322|11,083,786
Adventure|2015|11|Pixels|Jul 24, 2015|Sony Pictures|PG-13|$78,765,986|9,343,533
Adventure|2015|12|Paddington|Jan 16, 2015|Weinstein Co.|PG|$76,223,578|9,041,942
Adventure|2015|13|Paul Blart: Mall Cop 2|Apr 17, 2015|Sony Pictures|PG|$71,091,594|8,433,167
Adventure|2015|14|Alvin and the Chipmunks: Th…|Dec 18, 2015|20th Century Fox|PG|$55,575,427|6,592,577
Adventure|2015|15|Night at the Museum: Secret…|Dec 19, 2014|20th Century Fox|PG|$44,392,039|5,265,960
Adventure|2015|16|Max|Jun 26, 2015|Warner Bros.|PG|$42,656,255|5,060,053
Adventure|2015|17|Pan|Oct 9, 2015|Warner Bros.|PG|$35,057,457|4,158,654
Adventure|2015|18|The Hobbit: The Battle of t…|Dec 17, 2014|Warner Bros.|PG-13|$34,517,771|4,094,634
Adventure|2015|19|A Walk in the Woods|Sep 2, 2015|Broad Green Pictures|R|$29,499,394|3,499,334
Adventure|2015|20|In the Heart of the Sea|Dec 11, 2015|Warner Bros.|PG-13|$23,063,385|2,735,870
Adventure|2015|21|Project Almanac|Jan 30, 2015|Paramount Pictures|PG-13|$22,348,241|2,651,036
Adventure|2015|22|Shaun the Sheep|Aug 5, 2015|Lionsgate|PG|$19,375,982|2,298,455
Adventure|2015|23|Seventh Son|Feb 6, 2015|Universal|PG-13|$17,725,785|2,102,703
Adventure|2015|24|Strange Magic|Jan 23, 2015|Walt Disney|PG|$12,429,583|1,474,446
Adventure|2015|25|Back to the Future|Jul 3, 1985|Universal|PG|$12,127,168|1,438,572
Adventure|2015|26|Big Hero 6|Nov 7, 2014|Walt Disney|PG|$11,320,792|1,342,917
Adventure|2015|27|Penguins of Madagascar|Nov 26, 2014|20th Century Fox|PG|$9,322,689|1,105,894
Adventure|2015|28|Un gallo con muchos huevos|Sep 4, 2015|Lionsgate|PG-13|$9,080,818|1,077,202
Adventure|2015|29|Mortdecai|Jan 23, 2015|Lionsgate|R|$7,696,134|912,945
Adventure|2015|30|Interstellar|Nov 5, 2014|Paramount Pictures|PG-13|$5,215,800|618,718
Adventure|2015|31|Roar|Jan 1, 1981||PG|$2,110,050|250,302
Adventure|2015|32|Astérix: Le domaine des dieux|Feb 20, 2015|Mongrel Media|Not Rated|$1,656,287|196,475
Adventure|2015|33|The Ghouls|Dec 18, 2015|China Lion Film D…|Not Rated|$1,121,896|133,083
Adventure|2015|34|Alexander and the Terrible,…|Oct 10, 2014|Walt Disney|PG|$921,486|109,310
Adventure|2015|35|The Revenant|Dec 25, 2015|20th Century Fox|R|$872,519|103,502
Adventure|2015|36|The Polar Express|Nov 10, 2004|Warner Bros.|G|$846,602|100,427
Adventure|2015|37|The Book of Life|Oct 17, 2014|20th Century Fox|PG|$829,187|98,361
Adventure|2015|38|Song of the Sea|Dec 19, 2014|GKIDS|PG|$791,679|93,912
Adventure|2015|39|Kahlil Gibran's The Prophet|Aug 7, 2015|GKIDS|PG|$340,536|40,395
Adventure|2015|40|Himalaya|Dec 18, 2015|CJ Entertainment|Not Rated|$256,901|30,474
Adventure|2015|41|The Boxtrolls|Sep 26, 2014|Focus Features|PG|$218,634|25,935
Adventure|2015|42|Lang Tu Teng|Sep 11, 2015|Sony Pictures|PG-13|$212,616|25,221
Adventure|2015|43|Anomalisa|Dec 30, 2015|Paramount Pictures|R|$210,632|24,986
Adventure|2015|44|The Young and Prodigious T.…|Jul 31, 2015|Weinstein Co.|PG|$176,847|20,978
Adventure|2015|45|The Taking of Tiger Mountain|Jan 2, 2015|Well Go USA|Not Rated|$172,343|20,444
Adventure|2015|46|Theeb|Nov 6, 2015|Film Movement|Not Rated|$164,704|19,537
Adventure|2015|47|Hell & Back|Oct 2, 2015|Freestyle Releasing|R|$157,768|18,715
Adventure|2015|48|O Menino e o Mundo|Dec 11, 2015|GKIDS|PG|$17,580|2,085
Adventure|2015|49|Trash|Oct 9, 2015|Focus Features|R|$17,484|2,074
Adventure|2015|50|Le roi et l'oiseau|Nov 21, 2014|Rialto Pictures|Not Rated|$16,396|1,944
Adventure|2015|51|Patch Town|Jun 5, 2015|Kino Lorber|Not Rated|$584|69
